"id";"nome";"marca";"tecnologia";"carroceria";"combustivel";"status";"preco_tabela";"preco_oferta";"oferta_nota";"Fabricação";"FIPE set/26: usado 2026 × 0 km";"Sistema";"Combustível";"Potência combinada";"Torque combinado";"0 a 100 km/h (declarado)";"Bateria";"Autonomia elétrica — PBEV/Inmetro";"Autonomia elétrica — outros ciclos";"Autonomia total declarada";"Recarga rápida DC";"Tomada externa (V2L)";"Comprimento";"Entre-eixos";"Porta-malas (método varia)";"Estepe";"Tampa traseira elétrica";"Câmera de entorno";"Auxiliares de estacionamento";"Central multimídia";"Painel digital";"Head-up display";"Google integrado (Maps, Assistente)";"Sistema de som";"CarPlay e Android Auto sem fio";"Chave digital (cartão ou celular)";"Atualização remota (OTA)";"App com comandos remotos";"Carregador por indução";"Teto panorâmico";"Banco do motorista elétrico";"Memória do banco do motorista";"Banco do passageiro elétrico";"Ventilação — motorista";"Ventilação — passageiro";"Aquecimento dos bancos";"Ar-condicionado de duas zonas";"Luz ambiente";"Sensor de chuva";"Piloto adaptativo (ACC)";"Frenagem autônoma (AEB)";"Monitor de ponto cego";"Permanência em faixa";"Tráfego cruzado traseiro com frenagem";"Alerta de abertura de porta";"Monitor de fadiga por câmera";"Veículo / bateria de tração"
"byd-atto-2-gs";"BYD Atto 2 GS";"BYD";"PHEV";"SUV";"flex";"à venda";"169990";"";"";"BA (montagem SKD)";"n/d: a levantar";"PHEV";"flex";"197 cv";"300 Nm";"8,4 s";"18,0 kWh";"75 km";"110 km (NEDC)";"1.045 km (NEDC)";"não: só AC 6,6 kW";"sim";"4,33 m";"2,62 m";"455 L";"não: kit";"não: manual";"sim: 360°";"sim: 2 dianteiros + 4 traseiros";"sim: 12,8″ giratória";"sim: 8,8″";"não";"sim";"6 alto-falantes";"sim";"sim: cartão ou celular";"sim";"sim";"sim: 50 W ventilado";"sim";"sim: 6 vias";"n/d";"não: manual";"não";"não";"não";"não";"sim";"sim";"sim";"sim";"sim";"sim";"sim";"sim";"não";"sim: 6 anos / 8 anos"
"byd-king-gs";"BYD King GS";"BYD";"PHEV";"Sedã";"gasolina";"à venda";"175990";"";"";"BA";"n/d: a levantar";"PHEV";"gasolina";"235 cv";"325 Nm";"7,3 s";"18,3 kWh";"78 km";"n/d: 80 km em etiqueta de 2024";"n/d";"não";"sim: bidirecional";"4,78 m";"2,72 m";"450 L";"não: kit";"n/d: abertura elétrica; fechamento a confirmar";"sim: 360°";"sim: 2 dianteiros + 4 traseiros";"sim: 12,8″ giratória";"sim: 8,8″";"não";"n/d";"8 alto-falantes";"sim";"sim";"sim";"sim";"sim";"não";"sim";"n/d";"sim";"sim";"n/d";"não";"sim";"sim";"sim";"sim";"sim";"sim";"sim";"n/d";"n/d";"não";"sim: 6 anos / 8 anos"
"byd-song-plus-15t";"BYD Song Plus 1.5T DM-i";"BYD";"PHEV";"SUV";"gasolina";"à venda";"249990";"";"";"n/d: n/d";"n/d: a levantar";"PHEV";"gasolina";"240 cv";"300 Nm";"8,1 s";"26,6 kWh";"99 km";"—";"1.150 km (NEDC)";"sim: 18 kW";"sim";"4,78 m";"2,77 m";"552 L";"não: kit";"sim: com sensor";"sim: 360°";"sim: 2 dianteiros + 4 traseiros";"sim: 15,6″ giratória";"sim: 12,3″";"sim";"n/d";"10 alto-falantes (Infinity)";"n/d: ficha não diz se é sem fio";"n/d: ficha lista chave presencial";"sim";"n/d";"sim";"sim";"sim";"não";"sim";"sim";"sim";"n/d: página cita, ficha não";"sim";"sim";"n/d";"sim";"sim";"sim";"sim";"sim";"sim";"não";"sim: 6 anos / 8 anos"
"byd-song-plus-gs";"BYD Song Plus GS";"BYD";"PHEV";"SUV";"gasolina";"versão anterior";"249990";"";"";"n/d: n/d";"n/d: a levantar";"PHEV";"gasolina";"235 cv";"n/d";"n/d";"18,3 kWh";"63 km";"—";"1.200+ km";"n/d";"sim";"n/d";"n/d";"n/d";"n/d";"sim: com sensor";"sim: 360°";"n/d: sem ficha oficial atual";"sim: 15,6″ giratória";"sim: 12,3″";"sim";"n/d";"Infinity";"sim";"sim";"sim";"sim";"sim";"sim";"sim";"n/d";"sim";"sim";"sim";"sim";"sim";"sim";"n/d";"sim";"sim";"sim";"sim";"não: só no Premium";"n/d";"não";"sim: 6 anos / 8 anos"
"byd-song-pro-gs";"BYD Song Pro GS";"BYD";"PHEV";"SUV";"flex";"à venda";"199990";"";"";"BA";"n/d: a levantar";"PHEV";"flex";"219 cv";"300 Nm";"8,8 s";"18,3 kWh";"72 km";"—";"1.105 km (NEDC)";"não: só AC 6,6 kW";"sim";"4,74 m";"2,71 m";"530 L";"não: kit";"sim";"sim: 360°";"sim: 2 dianteiros + 4 traseiros";"sim: 12,8″ giratória";"sim: 8,8″";"não";"sim";"8 alto-falantes";"sim";"sim";"sim";"sim";"sim: 50 W ventilado";"sim";"sim";"não";"sim";"não";"não";"não";"sim";"não";"sim";"sim";"sim";"sim";"sim";"sim";"sim";"não";"sim: 6 anos / 8 anos"
"caoa-chery-tiggo-7-pro-phev";"Tiggo 7 Pro PHEV";"Caoa Chery";"PHEV";"SUV";"gasolina";"à venda";"209990";"";"";"n/d";"n/d: a levantar";"PHEV";"gasolina";"279 cv";"365 Nm";"7,8 s";"18,4 kWh";"68 km";"—";"1.200+ km";"sim: 30–80% em 20 min";"sim: 220 V";"4,55 m";"2,67 m";"484 L";"não: kit";"sim";"sim: 540°";"sim: sensores dianteiros e traseiros";"sim: 24,6″ curva (2 telas)";"sim: integrado à tela curva";"sim";"não";"Sony, 8 alto-falantes";"sim";"n/d";"n/d";"n/d";"sim: 50 W";"sim";"sim";"sim";"sim";"sim";"sim";"sim";"sim";"sim";"sim";"sim";"sim";"sim";"sim";"sim";"sim";"n/d";"sim: 7 anos / 8 anos"
"changan-cs55-phev";"Changan CS55 PHEV";"Changan";"PHEV";"SUV";"flex";"pré-venda";"189990";"";"";"n/d: a confirmar";"n/d: a levantar";"PHEV";"flex";"286 cv";"461 Nm";"7,2 s";"18,4 kWh";"76 km";"—";"1.200 km";"sim: potência não informada";"sim: 220 V";"4,55 m";"2,66 m";"525 L";"não: kit";"sim";"sim: 540°";"não: só traseiros; manobra remota pela chave para entrar e sair da vaga em linha reta";"sim: 14,6″";"sim: 10,3″";"não";"não";"Pioneer, 8 alto-falantes";"sim";"não";"n/d";"sim";"sim: refrigerado";"sim";"sim";"sim";"sim";"sim";"sim";"sim";"sim";"sim: 256 cores";"sim";"sim";"sim";"sim";"sim";"não: só alerta (RCTA)";"sim";"não";"sim: 7 anos / 8 anos"
"geely-ex5-emi-max";"Geely EX5 EM-i Max";"Geely";"PHEV";"SUV";"gasolina";"à venda";"219990";"211490";"oferta até 31/10";"importado · PR previsto";"R$ 198,4 mil (2026) × R$ 213,0 mil (0 km)";"PHEV";"gasolina";"262 cv";"380 Nm";"7,8 s";"18,4 kWh";"65 km";"105 km (NEDC)";"1.245 km (NEDC)";"sim: 30 kW";"sim: + V2V";"4,74 m";"2,76 m";"428 L";"sim";"sim";"sim: 540°";"sim: sensores dianteiros e traseiros";"sim: 15,4″";"sim: 10,2″";"sim: 13,8″";"não";"Flyme, 16 alto-falantes";"sim";"não: presencial";"sim";"sim";"sim";"sim: + cortina elétrica";"sim: com memória";"sim";"sim: 4 vias";"sim";"sim";"não";"não";"sim: 256 cores";"sim";"sim";"sim";"sim";"sim: + emergência";"sim";"sim";"não";"sim: 6 anos / 8 anos"
"geely-ex5-emi-pro";"Geely EX5 EM-i Pro";"Geely";"PHEV";"SUV";"gasolina";"à venda";"199990";"191490";"oferta";"importado · PR previsto";"n/d: a levantar";"PHEV";"gasolina";"262 cv";"380 Nm";"7,8 s";"18,4 kWh";"65 km";"105 km (NEDC)";"1.245 km (NEDC)";"sim: 30 kW";"sim: + V2V";"4,74 m";"2,76 m";"428 L";"sim";"n/d";"não: só câmera de ré";"não: só traseiros";"sim: 15,4″";"sim: 10,2″";"não";"não";"6 alto-falantes";"sim";"não: presencial";"sim";"sim";"não";"não";"sim: com memória";"n/d";"n/d";"n/d: divergente: ficha × loja oficial";"n/d: divergente: ficha × loja oficial";"não";"não";"n/d";"sim";"sim";"sim";"n/d";"n/d";"n/d";"n/d";"não";"sim: 6 anos / 8 anos"
"geely-ex5-emi-ultra";"Geely EX5 EM-i Ultra";"Geely";"PHEV";"SUV";"gasolina";"à venda";"244990";"236490";"oferta";"importado · PR previsto";"n/d: a levantar";"PHEV";"gasolina";"262 cv";"380 Nm";"7,8 s";"29,8 kWh";"112 km";"170 km (NEDC)";"1.300 km (NEDC)";"sim: 60 kW";"sim: + V2V";"4,74 m";"2,76 m";"428 L";"sim";"sim";"sim: 540°";"sim: sensores dianteiros e traseiros";"sim: 15,4″";"sim: 10,2″";"sim: 13,8″";"não";"Flyme, 16 alto-falantes";"sim";"não: presencial";"sim";"sim";"sim";"sim: + cortina elétrica";"sim: com memória";"sim";"sim: 4 vias";"sim";"sim";"não";"não";"sim: 256 cores";"sim";"sim";"sim";"sim";"sim: + emergência";"sim";"sim";"não";"sim: 6 anos / 8 anos"
"geely-ex5-max-eletrico";"Geely EX5 Max (elétrico)";"Geely";"BEV";"SUV";"elétrico";"à venda";"225800";"";"";"importado";"n/d: a levantar";"Elétrico";"elétrico";"218 cv";"320 Nm";"7,1 s";"60,2 kWh";"349 km";"—";"—";"sim: 100 kW";"n/d";"4,62 m";"2,75 m";"461 L";"n/d";"n/d";"sim: 360°";"sim: sensores dianteiros e traseiros";"sim: 15,4″";"sim: 10,2″";"sim: 13,8″";"não";"Flyme, 16 alto-falantes";"n/d";"n/d";"n/d";"n/d";"n/d";"sim";"sim";"n/d";"sim: com apoio de pernas";"n/d";"n/d";"n/d";"sim";"n/d";"n/d";"sim";"sim";"n/d";"n/d";"n/d";"n/d";"n/d";"n/d"
"geely-ex5-pro-eletrico";"Geely EX5 Pro (elétrico)";"Geely";"BEV";"SUV";"elétrico";"à venda";"205800";"197800";"oferta";"importado";"n/d: a levantar";"Elétrico";"elétrico";"218 cv";"320 Nm";"6,9 s";"60,2 kWh";"413 km";"—";"—";"sim: 100 kW";"n/d";"4,62 m";"2,75 m";"461 L";"n/d";"n/d";"sim: 360°";"não: só traseiros";"sim: 15,4″";"sim: 10,2″";"não";"não";"n/d";"n/d";"n/d";"n/d";"n/d";"n/d";"não";"sim";"n/d";"n/d";"n/d";"n/d";"n/d";"sim";"n/d";"n/d";"n/d";"n/d";"n/d";"n/d";"n/d";"n/d";"n/d";"n/d"
"gwm-haval-h6-hev2-flex";"Haval H6 HEV2 Flex";"GWM";"HEV";"SUV";"flex";"à venda";"225000";"";"";"SP";"n/d: a levantar";"HEV";"flex";"248 cv";"535 Nm";"7,6 s";"1,53 kWh";"—";"—";"n/d";"—";"não";"4,70 m";"2,74 m";"560 L (declarado)";"n/d";"sim";"sim: 540°";"sim: 12 sensores, dianteiros e traseiros";"sim: 14,6″";"sim: 10,25″";"sim";"não";"8 alto-falantes, 140 W";"sim";"não";"sim";"sim";"sim";"sim";"sim";"n/d";"sim";"sim";"sim";"n/d";"sim";"sim";"sim";"sim";"sim";"sim";"sim";"sim";"sim";"sim: facial";"sim: 5 anos / 8 anos"
"gwm-haval-h6-phev19-flex";"Haval H6 PHEV19 Flex";"GWM";"PHEV";"SUV";"flex";"à venda";"250000";"";"";"SP";"n/d: a levantar";"PHEV";"flex";"326 cv";"535 Nm";"7,4 s";"19 kWh";"77 km";"115 km (WLTP)";"n/d";"sim: 33 kW";"sim";"4,70 m";"2,74 m";"560 L (declarado)";"n/d";"sim";"sim: 540°";"sim: 12 sensores, dianteiros e traseiros";"sim: 14,6″";"sim: 10,25″";"sim";"não";"9 alto-falantes + subwoofer, 216 W";"sim";"não";"sim";"sim";"sim";"sim";"sim";"n/d";"sim";"sim";"sim";"n/d";"sim";"sim";"sim";"sim";"sim";"sim";"sim";"sim";"sim";"sim: facial";"sim: 5 anos / 8 anos"
"gwm-ora-5";"GWM Ora 5";"GWM";"BEV";"SUV";"elétrico";"à venda";"163990";"";"";"importado";"n/d: a levantar";"Elétrico";"elétrico";"204 cv";"260 Nm";"n/d";"58,3 kWh";"349 km";"—";"—";"sim";"n/d";"n/d";"n/d";"n/d";"não: kit";"sim";"sim: 540°";"não: só traseiros (4)";"sim: 14,6″";"sim: 10,25″";"não";"não";"n/d";"sim";"n/d";"sim";"sim";"sim";"sim: + cortina elétrica";"sim: com memória";"sim";"sim";"sim";"sim";"n/d";"n/d";"sim";"n/d";"sim: com curvas";"sim";"sim";"sim: + centralização";"sim";"sim";"n/d";"n/d"
"honda-civic-advanced-hybrid";"Honda Civic Advanced Hybrid";"Honda";"HEV";"Sedã";"gasolina";"à venda";"266500";"";"";"importado (Tailândia)";"n/d: a levantar";"HEV";"gasolina";"≈ 203 cv";"315 Nm";"7,8 s";"1,05 kWh";"—";"—";"n/d";"—";"não";"4,69 m";"2,74 m";"495 L";"sim: temporário";"não";"não: só ré";"sim: sensores dianteiros e traseiros";"sim: 9″";"sim: 10,2″";"não";"sim";"Bose, 12 alto-falantes";"sim";"não";"n/d";"sim";"sim";"não: teto solar comum";"sim";"não";"sim";"não";"não";"não";"sim";"não";"sim";"sim";"sim";"n/d: LaneWatch (só lado direito)";"sim";"não";"não";"não: (alerta pelo volante)";"sim: 6 anos (fabricação a partir de 2026) / 8 anos no sistema híbrido"
"jaecoo-5-shs-h-prestige";"Jaecoo 5 SHS-H Prestige";"Jaecoo";"HEV";"SUV";"gasolina";"à venda";"184990";"179990";"lote de lançamento";"importado";"n/d: a levantar";"HEV";"gasolina";"224 cv";"295 Nm";"n/d";"1,83 kWh";"—";"—";"≈ 1.000 km";"—";"—";"n/d";"n/d";"n/d";"n/d";"n/d";"sim: 540°";"n/d: página oficial não lista; imprensa cita sensores dianteiros";"sim: 13,2″";"n/d";"n/d";"não";"Sony, 8 alto-falantes";"sim";"n/d";"n/d";"n/d";"sim: 50 W";"sim: 1,45 m²";"sim";"n/d";"sim";"sim";"sim";"n/d";"sim";"n/d";"sim";"sim";"sim";"n/d";"sim";"n/d";"n/d";"n/d";"sim: 7 anos / 8 anos"
"jaecoo-7-elite";"Jaecoo 7 Elite";"Jaecoo";"PHEV";"SUV";"gasolina";"à venda";"189990";"";"";"importado";"n/d: a levantar";"PHEV";"gasolina";"279 cv";"n/d";"n/d";"18,3 kWh";"79 km";"—";"1.200+ km";"sim: 40 kW";"sim";"4,50 m";"2,67 m";"n/d";"não";"sim: com sensor";"não: só ré";"sim: sensores dianteiros e traseiros";"sim: 13,2″";"sim";"não";"não";"6 alto-falantes";"n/d";"n/d";"não";"n/d";"sim: refrigerado";"não";"sim";"n/d";"sim";"não";"não";"não";"sim";"sim";"n/d";"sim";"sim";"n/d";"sim";"n/d";"n/d";"não";"n/d"
"jaecoo-7-luxury";"Jaecoo 7 Luxury";"Jaecoo";"PHEV";"SUV";"gasolina";"à venda";"234990";"";"";"importado";"n/d: a levantar";"PHEV";"gasolina";"279 cv";"n/d";"n/d";"18,3 kWh";"79 km";"—";"1.200+ km";"sim: 40 kW";"sim";"4,50 m";"2,67 m";"n/d";"não";"sim: com sensor";"sim: 540°";"sim: sensores dianteiros e traseiros";"sim: 13,2″";"sim";"não";"não";"6 alto-falantes";"n/d";"n/d";"sim";"sim";"sim: refrigerado";"sim: 1,1 m²";"sim";"n/d";"sim";"sim";"sim";"não";"sim";"sim";"sim";"sim";"sim";"n/d";"sim";"n/d";"n/d";"não";"n/d"
"jaecoo-7-prestige";"Jaecoo 7 Prestige";"Jaecoo";"PHEV";"SUV";"gasolina";"à venda";"256990";"";"";"importado";"n/d: a levantar";"PHEV";"gasolina";"279 cv";"n/d";"n/d";"18,3 kWh";"79 km";"—";"1.200+ km";"sim: 40 kW";"sim";"4,50 m";"2,67 m";"n/d";"não";"sim: com sensor";"sim: 540°";"sim: sensores dianteiros e traseiros";"sim: 14,8″";"sim";"sim";"não";"Sony, 8 alto-falantes";"n/d";"n/d";"sim";"sim";"sim: refrigerado";"sim: 1,1 m²";"sim: com memória";"sim";"sim";"sim";"sim";"sim";"sim";"sim: + projeção";"sim";"sim";"sim";"sim";"sim: + centralização";"sim";"sim";"sim";"n/d"
"jetour-s06-premium";"Jetour S06 Premium";"Jetour";"PHEV";"SUV";"gasolina";"à venda";"229900";"";"";"importado";"n/d: a levantar";"PHEV";"gasolina";"n/d: n/d — 339 cv é soma, não simultânea";"510 Nm";"7,9 s";"19,43 kWh";"70 km";"—";"1.200 km";"sim: 40 kW";"n/d";"4,62 m";"2,72 m";"416 L";"n/d";"n/d";"sim: 540°";"sim: sensores dianteiros e traseiros";"sim: 15,6″";"n/d";"n/d";"não";"Sony";"sim";"n/d";"n/d";"n/d";"sim: duplo, 50 W";"sim";"sim: com memória";"sim";"n/d";"sim";"sim";"sim";"sim";"n/d";"n/d";"sim";"n/d";"sim";"n/d";"n/d";"n/d";"n/d";"sim: 7 anos / 8 anos"
"leapmotor-c10-reev";"Leapmotor C10 REEV";"Leapmotor";"REEV";"SUV";"gasolina";"à venda";"219990";"";"";"importado";"n/d: a levantar";"REEV";"gasolina";"215 cv";"320 Nm";"8,2 s";"28,4 kWh";"111 km";"≈ 145 km (WLTP)";"950 km (WLTP)";"sim: 65 kW";"sim";"4,74 m";"2,83 m";"435 L";"não: kit";"sim";"sim: 360°";"não: só traseiros";"sim: 14,6″";"sim: 10,25″";"não";"não";"12 alto-falantes";"sim: (1º lote sem)";"sim: cartão e app";"sim";"sim";"sim";"sim";"sim: com memória";"sim";"sim";"sim";"sim";"sim";"sim";"sim";"sim";"sim";"sim";"sim";"sim";"sim";"sim";"sim";"n/d"
"omoda-5-shs-h-prestige";"Omoda 5 SHS-H Prestige";"Omoda";"HEV";"SUV";"gasolina";"à venda";"184990";"";"";"importado";"n/d: a levantar";"HEV";"gasolina";"224 cv";"295 Nm";"n/d";"n/d";"—";"—";"n/d";"—";"—";"4,40 m";"n/d";"n/d: 300 L (a confirmar)";"n/d";"sim";"n/d";"sim: sensores dianteiros e traseiros";"sim: tela integrada de 24,6″";"sim: integrado à tela";"n/d";"não";"n/d";"n/d";"n/d";"n/d";"n/d";"n/d";"n/d";"sim";"n/d";"sim";"sim";"sim";"sim";"n/d";"n/d";"n/d";"sim";"sim: com detecção de pedestres e ciclistas";"n/d";"sim";"n/d";"n/d";"n/d";"n/d"
"omoda-7-shs-p-luxury";"Omoda 7 SHS-P Luxury";"Omoda";"PHEV";"SUV";"gasolina";"à venda";"254990";"244990";"oferta";"importado";"n/d: a levantar";"PHEV";"gasolina";"279 cv";"n/d";"8,4 s";"18,4 kWh";"60 km";"90 km (CLTC)";"1.200+ km";"n/d";"n/d";"4,66 m";"n/d";"590 L";"n/d";"sim";"n/d";"sim: sensores dianteiros e traseiros";"sim: 15,6″ deslizante";"sim: 8,88″";"n/d";"não";"n/d";"n/d";"n/d";"n/d";"n/d";"sim: 50 W refrigerado";"n/d: teto solar (tipo a confirmar)";"sim: com memória";"sim";"sim";"sim";"sim";"n/d";"n/d";"n/d";"n/d";"n/d";"n/d";"n/d";"n/d";"n/d";"n/d";"n/d";"sim: 7 anos / 8 anos"
"omoda-e5";"Omoda E5";"Omoda";"BEV";"SUV";"elétrico";"à venda";"209990";"199000";"oferta";"importado";"n/d: a levantar";"Elétrico";"elétrico";"204 cv";"340 Nm";"7,6 s";"61,1 kWh";"345 km";"450 km (WLTP)";"—";"sim: 80 kW";"n/d";"4,42 m";"2,63 m";"360 L";"sim: temporário";"n/d";"sim: 360°";"sim: sensores dianteiros e traseiros";"n/d";"n/d";"n/d";"não";"n/d";"n/d";"n/d";"n/d";"n/d";"n/d";"n/d";"n/d";"n/d";"n/d";"n/d";"n/d";"n/d";"n/d";"n/d";"sim";"n/d";"sim";"sim";"sim";"n/d: alerta; frenagem a confirmar";"sim";"n/d: indicador de fadiga (tipo a confirmar)";"sim: 7 anos / 8 anos"
"toyota-corolla-altis-premium-hybrid";"Corolla Altis Premium Hybrid";"Toyota";"HEV";"Sedã";"flex";"à venda";"211990";"";"";"SP";"n/d: a levantar";"HEV";"flex";"122 cv";"n/d";"n/d";"n/d";"—";"—";"n/d";"—";"não";"4,63 m";"2,70 m";"470 L";"sim: temporário";"não";"sim: 360°";"sim: sensores dianteiros e traseiros";"sim: 10″";"sim: 12,3″";"não";"não";"4 alto-falantes e 2 tweeters";"sim";"não";"n/d";"sim";"sim";"não: teto solar comum";"sim";"n/d";"não";"não";"não";"não";"sim";"n/d";"sim";"sim";"sim";"sim";"sim";"n/d: alerta, frenagem n/d";"n/d";"não";"sim: 5 anos (até 10)"
"toyota-corolla-cross-xrx-hybrid";"Corolla Cross Hybrid";"Toyota";"HEV";"SUV";"flex";"à venda";"223790";"";"";"SP";"n/d: a levantar";"HEV";"flex";"122 cv";"n/d";"n/d";"—";"—";"—";"n/d";"—";"não";"4,46 m";"2,64 m";"440 L";"sim";"sim: com sensor";"sim: 360°";"sim: 4 dianteiros + 4 traseiros, frenagem de estacionamento (PKSB)";"sim: 10″";"sim: 12,3″";"não";"não";"4 alto-falantes e 2 tweeters";"sim";"não";"n/d";"sim";"sim";"não: teto solar comum";"sim";"n/d";"não";"não";"não";"não";"sim";"sim";"sim";"sim";"sim";"sim";"sim";"n/d";"n/d";"não";"sim: 5 anos (até 10)"
"toyota-yaris-cross-xrx-hybrid";"Toyota Yaris Cross XRX Hybrid";"Toyota";"HEV";"SUV";"flex";"à venda";"189990";"";"";"SP";"n/d: a levantar";"HEV";"flex";"111 cv";"n/d";"n/d";"n/d";"—";"—";"n/d";"—";"—";"4,31 m";"2,62 m";"391 L";"n/d";"sim: com sensor de movimento";"sim: 360°";"sim: 2 dianteiros + 2 traseiros";"sim: 10″";"sim: 7″";"não";"não";"n/d";"sim";"n/d";"n/d";"sim: 1 ano grátis";"sim";"sim: fixo";"n/d";"n/d";"n/d";"n/d";"n/d";"n/d";"n/d";"sim";"n/d";"n/d";"n/d";"sim";"n/d";"n/d: alerta; frenagem a confirmar";"n/d";"n/d";"sim: 5 anos (até 10)"
